{"genScores":{"wildfire":[[0.0038022814,0.0029542097,0.0060048038,0.0110055028,0.0443037975],[0.0998749575,0.1500590597,0.1811464707,0.2352607021,0.1280584411]],"earthquake":[[0.0,0.012987013,0.0194174757,0.0032154341,0.0148514851,0.0,0.0240137221,0.0286001004,0.0507399577,0.0319148936,0.0044742729],[0.0496453065,0.1260133583,0.0796363205,0.1633749482,0.1373979017,0.149458597,0.1792318779,0.1753219247,0.0608437818,0.10973817,0.1692467423]],"flood":[[0.0170212766,0.0,0.0013850416,0.00243309,0.0224403927,0.0128534704,0.0081723626,0.0746268657,0.0,0.0978723404,0.0238095238,0.0138976627],[0.0978709778,0.1404449816,0.1322244188,0.1045290552,0.1783357786,0.0402260672,0.1919272217,0.0316494845,0.1819384447,0.1560096312,0.2195075358,0.2453807342]],"typhoon":[[0.0040983607,0.0212765957,0.03125,0.0106653123,0.03003003,0.0100150225,0.0277185501,0.0255863539,0.0088691796,0.0046554935,0.012987013,0.0249169435,0.005],[0.1000722403,0.1797874879,0.2026658972,0.1752466121,0.1693549105,0.2151593627,0.0533121133,0.0680340688,0.0787999266,0.2417867635,0.2064676257,0.0212682927,0.1978529881]],"shooting":[[0.0,0.0053715309,0.0408326661,0.0654450262,0.0204402516,0.0229645094,0.0526315789,0.0702947846,0.0638297872,0.0053070508],[0.0728401114,0.1171238537,0.1508873663,0.190459405,0.2394215954,0.18519178,0.0687608669,0.1026764619,0.1182055265,0.2082453371]],"bombing":[[0.0217391304,0.0074766355,0.0208333333],[0.1226707671,0.1668522023,0.1422696302]],"covid":[[0.0210495963,0.013215859,0.0164899882,0.0155925156,0.0080924855,0.0030349014,0.0229405631,0.0124481328,0.0031413613,0.0358056266],[0.1466847805,0.0469678049,0.1159776575,0.1820492158,0.2136792956,0.159860682,0.0847297718,0.1847516694,0.1932603001,0.1476730051]],"explosion":[[0.0148409894,0.004008016],[0.2259430264,0.2115978473]],"storm":[[0.0140949555,0.004],[0.2660248778,0.2214676069]]},"specScores":{"wildfire":[[0.0,0.0029542097,0.0028022418,0.0085042521,0.0],[0.0879263428,0.1235423291,0.174879963,0.1919197795,0.1237156311]],"earthquake":[[0.0,0.0064935065,0.0,0.0128617363,0.027995903,0.0,0.0205831904,0.0015052684,0.0084566596,0.014893617,0.0],[0.0573683838,0.1608575597,0.0742392753,0.1533197367,0.113704678,0.129459333,0.2017734611,0.1616380111,0.059793548,0.1090361877,0.1707142119]],"flood":[[0.0042553191,0.0,0.0013850416,0.0,0.0126227209,0.0334190231,0.0037147103,0.0255863539,0.0,0.114893617,0.0380952381,0.0170562224],[0.1113176178,0.1340924674,0.1261765489,0.0754756788,0.1771051976,0.0517900503,0.1888983257,0.0309542484,0.1927149917,0.1881826809,0.2404348591,0.1983898031]],"typhoon":[[0.0,0.0177304965,0.0208333333,0.0126968004,0.0235235235,0.0050075113,0.0447761194,0.0191897655,0.0133037694,0.0055865922,0.0081168831,0.0215946844,0.013],[0.0926335096,0.173121731,0.187705214,0.1554652559,0.1789134737,0.2148453004,0.053914994,0.0694121103,0.039803175,0.2419573808,0.1947106417,0.0250228311,0.1935488277]],"shooting":[[0.0061728395,0.0044762757,0.0760608487,0.2006980803,0.0487421384,0.0334029228,0.1873684211,0.1904761905,0.3425531915,0.0106141016],[0.0481404166,0.1243094827,0.1288515217,0.1881811191,0.2187383578,0.1792848982,0.0784474477,0.0974274532,0.1387005111,0.1868314451]],"bombing":[[0.0,0.0317757009,0.0],[0.1100342447,0.1445543096,0.1137998079]],"covid":[[0.0320069204,0.018021626,0.038869258,0.027027027,0.0080924855,0.0091047041,0.0187695516,0.0217842324,0.0052356021,0.0421994885],[0.1549363664,0.0422543362,0.1064413277,0.1918896923,0.1946556071,0.2042888725,0.0821312817,0.196219474,0.1870437528,0.1420715513]],"explosion":[[0.0141342756,0.0180360721],[0.2362838424,0.2367249838]],"storm":[[0.0059347181,0.008],[0.1981539273,0.2324813407]]},"avgAccGen":{"wildfire":0.013614119,"earthquake":0.0172922141,"flood":0.0228760022,"typhoon":0.0166976042,"shooting":0.0347117186,"bombing":0.0166830331,"covid":0.015181103,"explosion":0.0094245027,"storm":0.0090474778},"avgAccSpec":{"wildfire":0.0028521407,"earthquake":0.0084354437,"flood":0.0209190205,"typhoon":0.015796883,"shooting":0.110056501,"bombing":0.0105919003,"covid":0.0221110896,"explosion":0.0160851739,"storm":0.006967359},"avgF1Gen":{"wildfire":0.1588799262,"earthquake":0.1272644481,"flood":0.1433370276,"typhoon":0.14690833,"shooting":0.1453812304,"bombing":0.1439308665,"covid":0.1475634183,"explosion":0.2187704368,"storm":0.2437462424},"avgF1Spec":{"wildfire":0.1403968091,"earthquake":0.1265367624,"flood":0.1429610391,"typhoon":0.1400811112,"shooting":0.1388912653,"bombing":0.1227961207,"covid":0.1501932262,"explosion":0.2365044131,"storm":0.215317634},"semAccGen":{"wildfire":0.0077989382,"earthquake":0.0047626641,"flood":0.0089871952,"typhoon":0.0028590915,"shooting":0.0086211602,"bombing":0.0046106194,"covid":0.0031197707,"explosion":0.0054164867,"storm":0.0050474778},"semAccSpec":{"wildfire":0.0015528793,"earthquake":0.0029043934,"flood":0.0093970059,"typhoon":0.0031282021,"shooting":0.0361069065,"bombing":0.0105919003,"covid":0.0040619367,"explosion":0.0019508982,"storm":0.001032641},"semF1Gen":{"wildfire":0.0232800128,"earthquake":0.0140406855,"flood":0.0191213232,"typhoon":0.0200797823,"shooting":0.0185401411,"bombing":0.0127811004,"covid":0.0164144117,"explosion":0.0071725895,"storm":0.0222786354},"semF1Spec":{"wildfire":0.0189198169,"earthquake":0.0145205099,"flood":0.0188983776,"typhoon":0.0203935726,"shooting":0.0172100858,"bombing":0.0109332666,"covid":0.0177651764,"explosion":0.0002205707,"storm":0.0171637067},"ensScores":{"wildfire":[[0.0038022814,0.0029542097,0.0012009608,0.0045022511,0.0358649789],[0.1010878246,0.1640832277,0.1805863872,0.2327299585,0.1333878614]],"earthquake":[[0.008097166,0.0064935065,0.0,0.0096463023,0.0172413793,0.0,0.0102915952,0.0270948319,0.0253699789,0.0382978723,0.0067114094],[0.0632339242,0.1437459813,0.0867297922,0.1599041146,0.1409596816,0.1304643984,0.1685341229,0.1770290016,0.0617392285,0.1167306293,0.1658467661]],"flood":[[0.0,0.0,0.0013850416,0.0,0.0168302945,0.0179948586,0.014115899,0.0213219616,0.0,0.0808510638,0.019047619,0.0082122552],[0.1062327513,0.1381081695,0.1429801247,0.1024110767,0.1899302114,0.0425734064,0.1897820904,0.0319383825,0.189508514,0.1751412607,0.2251089788,0.2340511421]],"typhoon":[[0.0,0.0124113475,0.0208333333,0.0025393601,0.019019019,0.0050075113,0.0469083156,0.0298507463,0.0155210643,0.0195530726,0.0156926407,0.0249169435,0.014],[0.0984046086,0.1797251624,0.2070595897,0.1708387092,0.1830437339,0.2162744985,0.0606314351,0.0669960626,0.0498810339,0.2438730742,0.2121949772,0.025520362,0.2008828689]],"shooting":[[0.0061728395,0.0035810206,0.0728582866,0.0541012216,0.0377358491,0.0292275574,0.0926315789,0.0975056689,0.0914893617,0.0083396513],[0.0563348722,0.124546653,0.1422159907,0.1679504687,0.2211701227,0.1711123865,0.074039087,0.093242983,0.1192638058,0.197102183]],"bombing":[[0.0108695652,0.014953271,0.0043604651],[0.1155249747,0.1490264558,0.1393298364]],"covid":[[0.0227797001,0.0160192231,0.0227718885,0.0041580042,0.0023121387,0.0030349014,0.015641293,0.0165975104,0.0031413613,0.0268542199],[0.1518283493,0.0451918081,0.1180589475,0.1856723612,0.2102344264,0.177969556,0.0886711047,0.192889202,0.1994226882,0.1368271645]],"explosion":[[0.0148409894,0.006012024],[0.2374823763,0.2250937979]],"storm":[[0.0140949555,0.0],[0.2721476074,0.2255999654]]},"avgAccEns":{"wildfire":0.0096649364,"earthquake":0.0135676402,"flood":0.0149799161,"typhoon":0.0174041042,"shooting":0.0493643036,"bombing":0.0100611005,"covid":0.0133310241,"explosion":0.0104265067,"storm":0.0070474777},"avgF1Ens":{"wildfire":0.1623750519,"earthquake":0.1286288764,"flood":0.1473138424,"typhoon":0.1473327782,"shooting":0.1366978553,"bombing":0.134627089,"covid":0.1506765608,"explosion":0.2312880871,"storm":0.2488737864},"semAccEns":{"wildfire":0.0065731994,"earthquake":0.0036539011,"flood":0.006476794,"typhoon":0.0034169405,"shooting":0.0118902002,"bombing":0.0030844824,"covid":0.0029812701,"explosion":0.0044144827,"storm":0.0070474777},"semF1Ens":{"wildfire":0.0222269711,"earthquake":0.0125517415,"flood":0.0190373239,